barcodes,scrublet_doublet_scores,scrublet_predicted_doublet
AAAGAACAGTGTCATC-1,0.026,False
AAAGAACGTCAAGTTC-1,0.036,False
AAAGAACGTCCATCTC-1,0.03,False
AAAGGGCCATCCGAGC-1,0.046,False
AAAGTGAGTGCAACAG-1,0.046,False
AAAGTGATCGTAGGGA-1,0.042,False
AAATGGAGTTGTAAAG-1,0.158,False
AACAAAGAGTCTGCGC-1,0.022,False
AACAAAGGTTGCTCGG-1,0.099,False
AACAACCCAGATACCT-1,0.069,False
AACAGGGTCATCGCCT-1,0.017,False
AACCAACTCGATAACC-1,0.133,False
AACCACAGTCTAGATC-1,0.033,False
AACCCAAAGGATGCGT-1,0.042,False
AACGAAATCAGACATC-1,0.077,False
AACGGGAAGAACCGCA-1,0.069,False
AACGGGACAATTGCCA-1,0.042,False
AACTTCTAGTCTCCTC-1,0.069,False
AAGAACAAGAAATTCG-1,0.056,False
AAGAACAGTCAAAGAT-1,0.056,False
AAGACAAGTACCTAAC-1,0.046,False
AAGACAAGTGCCCTTT-1,0.133,False
AAGACAAGTGGCATCC-1,0.087,False
AAGACAATCGGCATTA-1,0.046,False
AAGACTCAGGACTTCT-1,0.046,False
AAGACTCGTGATGTAA-1,0.051,False
AAGACTCGTGCCTTTC-1,0.033,False
AAGACTCTCAAATGAG-1,0.051,False
AAGACTCTCTTCGTGC-1,0.113,False
AAGATAGCATGTTTGG-1,0.026,False
AAGATAGGTAGATCCT-1,0.062,False
AAGATAGTCGGTCTGG-1,0.042,False
AAGCATCCAAATGATG-1,0.333,True
AAGCATCCACCAGCTG-1,0.02,False
AAGCATCTCCTAACAG-1,0.069,False
AAGCGAGTCTTACACT-1,0.062,False
AAGGTAAGTATGGTAA-1,0.013,False
AAGGTAATCTCACCCA-1,0.046,False
AAGTGAATCCGTGGCA-1,0.062,False
AAGTTCGTCACTACGA-1,0.036,False
AATAGAGGTCGCATGC-1,0.051,False
AATCACGCAACTACGT-1,0.042,False
AATCGACGTAATCAGA-1,0.028,False
AATCGACGTCACAGTT-1,0.039,False
AATCGTGCAGCTTCGG-1,0.017,False
AATCGTGCATCATCCC-1,0.069,False
AATGACCAGTATGACA-1,0.042,False
AATGACCGTACGGCAA-1,0.019,False
AATGGCTAGCTGTGCC-1,0.036,False
AATGGCTGTGTCGATT-1,0.046,False
AATGGCTGTGTTCCTC-1,0.036,False
AATTCCTCATCCCACT-1,0.036,False
AATTCCTGTGATTCAC-1,0.039,False
AATTCCTGTTAAAGTG-1,0.026,False
ACAACCAAGCTCGTGC-1,0.133,False
ACACAGTAGTAGCAAT-1,0.042,False
ACACAGTCAGCGCGTT-1,0.03,False
ACACGCGGTGCCCGTA-1,0.056,False
ACAGAAACATTCGGGC-1,0.113,False
ACAGCCGAGCATGGGT-1,0.042,False
ACAGCCGCAGCGTTTA-1,0.046,False
ACAGGGATCGTGGCTG-1,0.036,False
ACATGCAAGTGCACTT-1,0.087,False
ACATTTCAGTGCACAG-1,0.056,False
ACCAAACAGCACCGTC-1,0.062,False
ACCAAACAGCGCCATC-1,0.087,False
ACCAAACCACTCGATA-1,0.042,False
ACCAACACAATCGTCA-1,0.051,False
ACCAACACACACCTAA-1,0.051,False
ACCACAATCCCAGCGA-1,0.069,False
ACCATTTCAACCAACT-1,0.051,False
ACCCAAACACATAGCT-1,0.042,False
ACCCAAATCAACCGAT-1,0.133,False
ACCCTCATCGCTAGCG-1,0.019,False
ACCCTTGGTCCCGGTA-1,0.056,False
ACCTACCGTTGCTCCT-1,0.039,False
ACCTACCTCGTGGACC-1,0.039,False
ACCTGAACAAGTCCAT-1,0.03,False
ACGATCAGTCCCGTGA-1,0.02,False
ACGCACGAGGACAACC-1,0.099,False
ACGGAAGTCCGTATGA-1,0.042,False
ACGGAAGTCGTTCGCT-1,0.056,False
ACGGGTCAGGGTCAAC-1,0.036,False
ACGGTTAGTACATTGC-1,0.087,False
ACGGTTATCAGTCACA-1,0.056,False
ACGTCCTAGACTTAAG-1,0.036,False
ACGTTCCAGACCCTTA-1,0.042,False
ACTACGATCACATACG-1,0.099,False
ACTATCTCAGTAACAA-1,0.042,False
ACTATTCTCGACATTG-1,0.039,False
ACTCCCAAGACGCTCC-1,0.051,False
ACTCCCACAAATGAGT-1,0.077,False
ACTCCCACAAGACGAC-1,0.056,False
ACTGCAAAGATAGTCA-1,0.099,False
ACTGCAACAAACACGG-1,0.039,False
ACTGCAATCAAGTTGC-1,0.051,False
ACTGTCCTCACCCATC-1,0.099,False
ACTTAGGAGTGCGTCC-1,0.046,False
ACTTAGGTCTACTCAT-1,0.022,False
ACTTATCTCCACTGAA-1,0.062,False
ACTTCCGCACCTCAGG-1,0.039,False
ACTTTCACATCAGTGT-1,0.028,False
ACTTTGTCACCTGTCT-1,0.046,False
AGAAATGAGCGGTATG-1,0.113,False
AGAACCTTCCGATCGG-1,0.03,False
AGAAGTACAGTCAGTT-1,0.028,False
AGAAGTACAGTGAGCA-1,0.099,False
AGACAAACACAAACGG-1,0.03,False
AGACAAACATTGACCA-1,0.062,False
AGACAAATCGTTCCTG-1,0.039,False
AGACAGGAGCGTGCCT-1,0.046,False
AGACAGGCACCTGCTT-1,0.039,False
AGACAGGTCGACACCG-1,0.077,False
AGACCATCAGGCCTGT-1,0.051,False
AGACCATGTCTCCTGT-1,0.062,False
AGACCATTCTCATGCC-1,0.036,False
AGACCCGAGATGCTGG-1,0.015,False
AGACTCACACAGTACT-1,0.062,False
AGACTCACACCAAATC-1,0.062,False
AGAGCCCAGGAAGTCC-1,0.051,False
AGAGCCCGTGGTCTCG-1,0.016,False
AGATAGACAGCATCTA-1,0.046,False
AGATCCACACGACGTC-1,0.051,False
AGATCGTCAGCACGAA-1,0.099,False
AGATGAAGTTCCTTGC-1,0.046,False
AGATGAATCTTCCCAG-1,0.056,False
AGATGCTAGAAGTCTA-1,0.051,False
AGATGCTAGAGTGGCT-1,0.026,False
AGATGCTGTTGGAGGT-1,0.087,False
AGCATCACATACCAGT-1,0.087,False
AGCCAATCACACCGCA-1,0.022,False
AGCCAATGTACAGTCT-1,0.051,False
AGCCAATGTCTCCTGT-1,0.056,False
AGCGATTAGTCCGTCG-1,0.024,False
AGCGATTCAGAGTGTG-1,0.056,False
AGCGATTTCCCTTCCC-1,0.158,False
AGCGATTTCCGATCTC-1,0.077,False
AGCGCCATCAACTTTC-1,0.042,False
AGCGTATGTGACGCCT-1,0.062,False
AGCGTATGTTGTTGAC-1,0.017,False
AGCTACACACGCAGTC-1,0.028,False
AGCTACAGTTCGGTCG-1,0.099,False
AGCTCAAAGTAGGATT-1,0.033,False
AGCTTCCCAGTAGTGG-1,0.051,False
AGCTTCCTCCCAAGTA-1,0.036,False
AGGAAATCAGGACATG-1,0.056,False
AGGACGAGTTGTGTAC-1,0.113,False
AGGACTTGTAAGACCG-1,0.133,False
AGGACTTTCTGACGCG-1,0.246,False
AGGAGGTGTTCCAGGC-1,0.017,False
AGGATCTAGCGAGTCA-1,0.042,False
AGGATCTAGGCTAAAT-1,0.333,True
AGGATCTTCCGCGGAT-1,0.03,False
AGGCATTAGGAAGTCC-1,0.022,False
AGGCATTAGGTTAGTA-1,0.077,False
AGGCATTGTGTTATCG-1,0.051,False
AGGGAGTGTCAGTCTA-1,0.036,False
AGGGCCTAGGAGACCT-1,0.036,False
AGGGCTCAGACCATTC-1,0.087,False
AGGGCTCCAGCAGTAG-1,0.03,False
AGGGTGACATTATGCG-1,0.036,False
AGGTAGGAGTCAATCC-1,0.077,False
AGGTCATGTAACATAG-1,0.051,False
AGGTTGTCACTCGATA-1,0.046,False
AGTAACCCATAATCGC-1,0.056,False
AGTAACCTCTCTTGCG-1,0.019,False
AGTACCAAGGCATTTC-1,0.051,False
AGTACCAGTGAGGAAA-1,0.056,False
AGTACCAGTTGCGAAG-1,0.039,False
AGTACTGTCAAGCGTT-1,0.033,False
AGTAGTCGTCGTATGT-1,0.087,False
AGTAGTCGTTCGGACC-1,0.133,False
AGTGACTCACGCTGAC-1,0.042,False
AGTGACTTCATGCATG-1,0.062,False
AGTGATCAGGTACCTT-1,0.019,False
AGTGCCGCAAACCACT-1,0.036,False
AGTGTTGAGACCACGA-1,0.024,False
AGTGTTGGTATGGTTC-1,0.03,False
AGTGTTGGTTCGGTCG-1,0.077,False
ATACCGATCGAGATGG-1,0.033,False
ATACCGATCTCTCAAT-1,0.062,False
ATACCTTCACAAATCC-1,0.028,False
ATACCTTTCAGCGGAA-1,0.042,False
ATACTTCAGATTCGCT-1,0.019,False
ATACTTCTCTTACCAT-1,0.062,False
ATAGACCCAACCACAT-1,0.015,False
ATAGAGAAGCGGATCA-1,0.113,False
ATAGGCTTCAGTAGGG-1,0.056,False
ATATCCTCATCGCCTT-1,0.077,False
ATATCCTGTACAGAGC-1,0.046,False
ATCACAGAGGTCCTGC-1,0.051,False
ATCACGAAGGATATGT-1,0.042,False
ATCACGAGTGAACTAA-1,0.051,False
ATCACTTTCATGGTAC-1,0.099,False
ATCAGGTTCTTCGCTG-1,0.022,False
ATCATTCGTCACCCTT-1,0.051,False
ATCCATTAGCGACTTT-1,0.042,False
ATCCATTGTGAACCGA-1,0.016,False
ATCCCTGAGTATTAGG-1,0.022,False
ATCCCTGAGTGGCCTC-1,0.046,False
ATCCCTGCAGGGCTTC-1,0.022,False
ATCCCTGCATCTGGGC-1,0.046,False
ATCCCTGCATGGGAAC-1,0.028,False
ATCCCTGGTATGAAGT-1,0.015,False
ATCCCTGTCCACAGCG-1,0.046,False
ATCCTATGTCCGTTTC-1,0.158,False
ATCCTATTCTCTCGAC-1,0.046,False
ATCGCCTAGGTTGAGC-1,0.042,False
ATCGGCGAGGAGTATT-1,0.042,False
ATCGTCCCACGCCAGT-1,0.051,False
ATCGTGAAGCTAGAGC-1,0.077,False
ATCGTGACACCTGCGA-1,0.036,False
ATCTCTACATAGAAAC-1,0.051,False
ATCTCTAGTCGTTCAA-1,0.056,False
ATCTCTAGTGATTGGG-1,0.158,False
ATCTCTATCCTGTTGC-1,0.014,False
ATCTCTATCGATTGAC-1,0.051,False
ATGAAAGCAAGAAATC-1,0.062,False
ATGAGGGTCTTTCCGG-1,0.099,False
ATGAGTCCAGTGTGCC-1,0.039,False
ATGAGTCTCGAAGCCC-1,0.046,False
ATGCCTCTCAAATGAG-1,0.036,False
ATGGAGGTCCATGATG-1,0.046,False
ATGGATCAGGCGCTTC-1,0.069,False
ATGGGAGAGCGCTGAA-1,0.333,True
ATGGGAGTCAAGTAAG-1,0.113,False
ATGGTTGGTCGCTGCA-1,0.077,False
ATGTCCCAGCCTCACG-1,0.077,False
ATGTCTTCAAATGAAC-1,0.026,False
ATTACCTCAGCCTATA-1,0.046,False
ATTACCTTCGGCTGGT-1,0.042,False
ATTATCCAGTGCACCC-1,0.046,False
ATTATCCTCGATTGAC-1,0.193,False
ATTCAGGAGAATTCAG-1,0.033,False
ATTCAGGAGTAAGGGA-1,0.03,False
ATTCATCGTATCCCAA-1,0.051,False
ATTCATCTCGTCCTCA-1,0.077,False
ATTCCATAGACTTCCA-1,0.026,False
ATTCCATAGGTTCCGC-1,0.039,False
ATTCCATCAGTCTTCC-1,0.069,False
ATTCCCGCAAAGGAGA-1,0.046,False
ATTCGTTCAGGCTACC-1,0.016,False
ATTCGTTCATTGCTTT-1,0.113,False
ATTCTACTCCAATCTT-1,0.087,False
ATTCTTGCAAGCTCTA-1,0.03,False
ATTCTTGCATGGCTAT-1,0.077,False
ATTGGGTTCCATCTCG-1,0.042,False
ATTGTTCAGTGATGGC-1,0.077,False
ATTGTTCTCACAGTGT-1,0.099,False
ATTTCACGTGAAGCTG-1,0.026,False
ATTTCACGTGTGATGG-1,0.087,False
ATTTCTGCACGAGGAT-1,0.02,False
CAAAGAACAGTAACAA-1,0.062,False
CAAAGAACATAAGATG-1,0.056,False
CAAAGAAGTACCTGTA-1,0.02,False
CAAAGAATCCGTGGGT-1,0.113,False
CAACCAAGTCGTGATT-1,0.193,False
CAACGGCCATCGTTCC-1,0.062,False
CAAGACTTCGCTCCTA-1,0.026,False
CAAGCTACAGCAGTAG-1,0.039,False
CAAGCTAGTCACTGAT-1,0.024,False
CAAGGGAAGGAACGAA-1,0.056,False
CAAGGGAGTTCGTTCC-1,0.02,False
CAATACGCACGTCGGT-1,0.039,False
CAATGACTCGATGCTA-1,0.022,False
CACACAAGTCATGGCC-1,0.019,False
CACACAATCGAGAGAC-1,0.028,False
CACACAATCGCGTGCA-1,0.028,False
CACAGGCCAGACAAAT-1,0.036,False
CACATGATCGGATTAC-1,0.015,False
CACGAATAGAATCTAG-1,0.022,False
CACGGGTGTTTGCAGT-1,0.024,False
CACGTGGCAGCGACAA-1,0.028,False
CACGTTCAGTGGACGT-1,0.046,False
CACTGGGGTGTATTGC-1,0.028,False
CACTGTCTCATAAGGA-1,0.042,False
CACTGTCTCTACTGCC-1,0.113,False
CAGAGCCTCGCATAGT-1,0.039,False
CAGATTGGTATTAAGG-1,0.036,False
CAGCAATTCATTACCT-1,0.077,False
CAGCACGAGACGACGT-1,0.014,False
CAGCCAGAGCCAGACA-1,0.022,False
CAGCCAGCAGGCGATA-1,0.077,False
CAGCCAGGTTTGGAGG-1,0.013,False
CAGCGTGAGACGAGCT-1,0.246,False
CAGCGTGAGTAATACG-1,0.087,False
CAGGTATTCGCAGATT-1,0.056,False
CAGTTAGTCGGTCTGG-1,0.087,False
CAGTTCCGTGTTCCAA-1,0.077,False
CAGTTCCTCAATCCGA-1,0.046,False
CATACAGAGGCACTAG-1,0.069,False
CATACTTTCGCTGCGA-1,0.113,False
CATAGACCAGCACACC-1,0.051,False
CATAGACTCTCTCCGA-1,0.039,False
CATCAAGTCCAGCACG-1,0.051,False
CATCGTCCAGCCATTA-1,0.039,False
CATGAGTCATCCCACT-1,0.062,False
CATGCAATCTTCCGTG-1,0.062,False
CATGCGGGTGGCTAGA-1,0.099,False
CATGCGGTCTAGGCAT-1,0.039,False
CATGGATTCCGTGGGT-1,0.062,False
CATGGATTCTGTCCCA-1,0.193,False
CATGGTAGTGTTTGCA-1,0.028,False
CATTCTATCATGTCAG-1,0.069,False
CATTGCCAGACTGAGC-1,0.042,False
CATTGTTAGCACGTCC-1,0.077,False
CATTTCATCAGAGCAG-1,0.039,False
CCAATGAGTGTGAGCA-1,0.062,False
CCAATTTGTCGCCTAG-1,0.087,False
CCAATTTTCCGCTGTT-1,0.056,False
CCAATTTTCTGCTCTG-1,0.158,False
CCACAAAGTTTCACAG-1,0.046,False
CCACAAATCATTTCCA-1,0.03,False
CCACGAGCAAAGCACG-1,0.024,False
CCACGAGTCGCGTTTC-1,0.028,False
CCACGTTAGTGCAACG-1,0.024,False
CCACGTTTCTCTATAC-1,0.133,False
CCATAAGAGCACTCAT-1,0.158,False
CCATAAGGTTTAGAGA-1,0.062,False
CCATCACAGTCCTGTA-1,0.133,False
CCCATTGAGCACTCTA-1,0.056,False
CCCATTGAGGCCCAAA-1,0.036,False
CCCGGAACAAGAGCTG-1,0.056,False
CCCTAACGTGATGGCA-1,0.036,False
CCCTCTCTCGTCGCTT-1,0.077,False
CCCTGATTCAGGAAAT-1,0.026,False
CCCTTAGAGTAGTCCT-1,0.02,False
CCCTTAGCAGTCCCGA-1,0.033,False
CCGATCTCAGCTACCG-1,0.069,False
CCGATGGGTAGACAAT-1,0.046,False
CCGGTAGTCGGTTCAA-1,0.051,False
CCGGTGAGTAGAAACT-1,0.036,False
CCGTGAGAGTCACGCC-1,0.069,False
CCGTGAGTCCGAGATT-1,0.046,False
CCGTTCATCGAGAGCA-1,0.133,False
CCTACGTGTCGTGGTC-1,0.028,False
CCTATCGAGGAACGTC-1,0.036,False
CCTATCGTCTATCGGA-1,0.013,False
CCTCAGTGTCGCTGCA-1,0.016,False
CCTCAGTGTGGAAATT-1,0.158,False
CCTCATGTCTGAGCAT-1,0.051,False
CCTCCTCAGGCATGGT-1,0.039,False
CCTCCTCCATAACTCG-1,0.046,False
CCTCCTCGTACAGGTG-1,0.056,False
CCTCTCCGTCATCAGT-1,0.026,False
CCTTCAGAGCTCGGCT-1,0.024,False
CCTTGTGTCTTCTTCC-1,0.099,False
CCTTTGGAGTTGCGCC-1,0.062,False
CCTTTGGCATCATGAC-1,0.062,False
CCTTTGGTCCTAAACG-1,0.019,False
CGAGAAGCAACCCTCT-1,0.028,False
CGAGAAGGTCTAGATC-1,0.046,False
CGAGGAAAGCTGAGCA-1,0.019,False
CGAGGCTAGGATAATC-1,0.099,False
CGAGTGCTCTCGTGGG-1,0.042,False
CGAGTTATCACAAGGG-1,0.056,False
CGATCGGAGGTTTACC-1,0.016,False
CGATGCGCAAGGGCAT-1,0.022,False
CGATGCGTCCTAGCGG-1,0.042,False
CGATGGCTCTAAGCGT-1,0.056,False
CGCAGGTAGCACTCGC-1,0.056,False
CGCATAAAGCTGGCTC-1,0.046,False
CGCATAACACGGTGAA-1,0.046,False
CGCATGGGTACGTTCA-1,0.051,False
CGCCAGACACAAGCTT-1,0.051,False
CGCCAGATCCATTGTT-1,0.158,False
CGCGTGATCATCGGGC-1,0.015,False
CGGAACCTCGCCAGTG-1,0.033,False
CGGACACAGTTCTACG-1,0.056,False
CGGACACCAGCTGAAG-1,0.246,False
CGGAGAATCACTGTTT-1,0.158,False
CGGAGAATCATGGGAG-1,0.069,False
CGGGACTTCCTACAAG-1,0.056,False
CGGGCATAGAATCGCG-1,0.039,False
CGGGTCATCGACTCCT-1,0.042,False
CGGGTCATCTAGGCCG-1,0.069,False
CGGGTCATCTTAAGGC-1,0.133,False
CGGGTGTAGCACTCGC-1,0.056,False
CGGTCAGCAGTAGTTC-1,0.077,False
CGTAATGTCCCTTCCC-1,0.069,False
CGTAGTACAGGCACTC-1,0.056,False
CGTCAAACACCGGTCA-1,0.046,False
CGTCAAAGTATTCCTT-1,0.036,False
CGTCCATCAAAGGATT-1,0.056,False
CGTGATATCGCGATCG-1,0.017,False
CGTGCTTAGTTTCGAC-1,0.014,False
CGTGCTTTCATTGGTG-1,0.062,False
CGTTAGATCTAGATCG-1,0.056,False
CGTTGGGAGACTACCT-1,0.046,False
CTAACCCCATGACAGG-1,0.087,False
CTAACTTAGGTAGGCT-1,0.033,False
CTAACTTGTCAGGTAG-1,0.039,False
CTACAGAAGCTCGGCT-1,0.02,False
CTACCCAAGACAACTA-1,0.246,False
CTACCTGAGACGACTG-1,0.042,False
CTACCTGTCCAATCTT-1,0.026,False
CTACCTGTCTCCGAAA-1,0.087,False
CTACTATCACGGAAGT-1,0.03,False
CTAGACACACGAAGAC-1,0.028,False
CTAGACATCCAAGGGA-1,0.024,False
CTAGACATCCAGCCTT-1,0.046,False
CTAGGTATCCACTTCG-1,0.069,False
CTATCCGTCTAGCCAA-1,0.022,False
CTCAACCGTTCCGGTG-1,0.039,False
CTCAAGATCACCCATC-1,0.036,False
CTCAATTTCTAGTTCT-1,0.036,False
CTCACTGCAAATTAGG-1,0.033,False
CTCAGAACAAGACCTT-1,0.039,False
CTCAGGGAGTATTAGG-1,0.024,False
CTCAGTCAGATGCTTC-1,0.062,False
CTCAGTCTCTGACGCG-1,0.039,False
CTCATCGCACGGTGCT-1,0.056,False
CTCATCGGTCCAAATC-1,0.042,False
CTCATGCAGTGCACAG-1,0.193,False
CTCATGCCAGCTACTA-1,0.113,False
CTCATGCGTAGGTACG-1,0.039,False
CTCATTAAGTGATAAC-1,0.051,False
CTCCATGAGGGTTTCT-1,0.056,False
CTCCATGGTACAGGTG-1,0.022,False
CTCCATGGTACCGCGT-1,0.056,False
CTCCATGTCGACGACC-1,0.028,False
CTCCCTCCAACCCTCT-1,0.046,False
CTCCGATGTGAATTAG-1,0.069,False
CTCCTTTCATTGTCGA-1,0.069,False
CTCCTTTTCATTCATC-1,0.039,False
CTCGAGGGTAGTCGGA-1,0.033,False
CTCTCAGCACATCATG-1,0.069,False
CTCTCGAAGATACTGA-1,0.051,False
CTCTCGAGTTCGCGTG-1,0.022,False
CTCTGGTGTCAAGCCC-1,0.042,False
CTGAGCGTCTTTGATC-1,0.046,False
CTGAGGCGTATGCGGA-1,0.016,False
CTGCATCCAGAGTAAT-1,0.051,False
CTGCCATTCACTGGGC-1,0.099,False
CTGCGAGAGCTAAACA-1,0.051,False
CTGCGAGCAGCAGTCC-1,0.028,False
CTGCTCAAGATTGTGA-1,0.087,False
CTGCTCACATTGTCGA-1,0.051,False
CTGGCAGAGGTCGACA-1,0.042,False
CTGGTCTAGTTACGGG-1,0.014,False
CTGGTCTCAATCACGT-1,0.026,False
CTGTAGATCATAGCAC-1,0.042,False
CTGTAGATCCGCACGA-1,0.051,False
CTGTAGATCGATACTG-1,0.099,False
CTTCAATAGTGAGTTA-1,0.03,False
CTTCCGAAGATAACAC-1,0.033,False
CTTCCGAGTAACATGA-1,0.026,False
CTTCCTTGTCATATGC-1,0.087,False
CTTCTAACAATCTCGA-1,0.033,False
CTTCTCTTCGATCCAA-1,0.056,False
CTTGAGAAGACATATG-1,0.051,False
CTTGAGAAGACCGTTT-1,0.087,False
CTTGAGATCAGAACCT-1,0.022,False
CTTTCAATCCTGGGTG-1,0.036,False
GAAACCTTCAGACTGT-1,0.062,False
GAAATGATCGCTAAAC-1,0.069,False
GAACGTTAGCTTTCCC-1,0.042,False
GAACTGTAGGTTGTTC-1,0.042,False
GAAGAATAGTCACTGT-1,0.03,False
GAAGAATGTTTCGCTC-1,0.056,False
GAAGCCCGTGAGCTCC-1,0.039,False
GAAGGACTCTGCGAGC-1,0.056,False
GAAGGGTAGGCCATAG-1,0.033,False
GAAGGGTTCCCTCTCC-1,0.042,False
GAAGGGTTCGCGCCAA-1,0.028,False
GAAGTAACATTCTTCA-1,0.036,False
GAATCACTCTCGTGGG-1,0.051,False
GAATCGTAGATGACCG-1,0.033,False
GACACGCGTACTCCGG-1,0.333,True
GACACGCGTGTCTCCT-1,0.019,False
GACACGCGTGTTAGCT-1,0.039,False
GACAGCCAGGCCACCT-1,0.033,False
GACATCAGTAGGTGCA-1,0.022,False
GACATCATCGGATAAA-1,0.062,False
GACCAATGTAGACTGG-1,0.056,False
GACCAATTCGGCGATC-1,0.016,False
GACCCAGGTCCAACGC-1,0.042,False
GACCCTTAGCGTTCCG-1,0.042,False
GACCCTTCAGTGTATC-1,0.036,False
GACCCTTGTCGTTGCG-1,0.017,False
GACGCTGAGGGTCAAC-1,0.019,False
GACGCTGCACTCCGGA-1,0.042,False
GACGTTAAGGGAGGGT-1,0.036,False
GACTCAACAGCATACT-1,0.051,False
GACTCTCGTCGCCTAG-1,0.069,False
GACTCTCTCCCTGGTT-1,0.069,False
GACTTCCCACACCTGG-1,0.087,False
GACTTCCCAGAACGCA-1,0.087,False
GAGAAATGTGCGCTCA-1,0.099,False
GAGAGGTCAGCTTTCC-1,0.069,False
GAGAGGTCATCGCTCT-1,0.042,False
GAGAGGTTCGCTTAAG-1,0.051,False
GAGATGGGTCTCACAA-1,0.046,False
GAGATGGTCACAGTGT-1,0.046,False
GAGCCTGCAGCACGAA-1,0.033,False
GAGCCTGGTGAGCGAT-1,0.017,False
GAGCTGCTCTCCGATC-1,0.039,False
GAGGGATTCGCAGTGC-1,0.099,False
GAGTGAGTCCGTGGGT-1,0.036,False
GAGTTGTAGCACTAAA-1,0.042,False
GAGTTGTCACGCAAAG-1,0.02,False
GAGTTTGAGTGATAGT-1,0.022,False
GAGTTTGAGTTGTCAC-1,0.193,False
GAGTTTGTCGTGGGTC-1,0.246,False
GATAGCTAGCGTCAGA-1,0.046,False
GATCACAAGCAGTACG-1,0.014,False
GATCACAAGTCAATCC-1,0.022,False
GATCAGTGTACCTATG-1,0.051,False
GATCCCTGTAGGACCA-1,0.026,False
GATGACTAGGTCCCGT-1,0.051,False
GATGACTCAACAGCCC-1,0.03,False
GATGAGGAGTGGCCTC-1,0.039,False
GATGAGGTCCCTGGTT-1,0.051,False
GATGAGGTCTTAATCC-1,0.012,False
GATGATCGTTAACAGA-1,0.022,False
GATGCTAGTCATTCCC-1,0.056,False
GATGCTATCAGCGCGT-1,0.158,False
GATGGAGAGAAACTGT-1,0.033,False
GATGTTGAGGTGATCG-1,0.056,False
GATGTTGAGTTCGCAT-1,0.024,False
GATGTTGGTGTGAGCA-1,0.077,False
GATTCGATCAAAGAAC-1,0.019,False
GATTCTTAGAAGTATC-1,0.062,False
GATTGGTGTGGACCTC-1,0.022,False
GATTTCTGTAGTCGTT-1,0.026,False
GCAACATTCACTGATG-1,0.077,False
GCAACCGAGCGGGTAT-1,0.069,False
GCACATAGTTTGGCTA-1,0.028,False
GCACGGTCAGGTGGAT-1,0.033,False
GCACGGTCATTCTCCG-1,0.046,False
GCACGGTCATTGTGCA-1,0.039,False
GCAGCCATCCCAGCGA-1,0.036,False
GCAGCCATCTTTCGAT-1,0.039,False
GCAGGCTAGCTTGTGT-1,0.113,False
GCATCTCCACGGGCTT-1,0.099,False
GCATTAGAGATTGATG-1,0.033,False
GCATTAGGTAACGCGA-1,0.042,False
GCATTAGTCCTCCACA-1,0.039,False
GCCAACGCACAGCTTA-1,0.039,False
GCCAGGTTCAAGAATG-1,0.02,False
GCCAGTGCAGCGTTTA-1,0.056,False
GCCCGAAAGCGTGCTC-1,0.069,False
GCCGATGAGCCTCTTC-1,0.026,False
GCCGATGAGGTAGTAT-1,0.02,False
GCCGATGGTGCTCGTG-1,0.039,False
GCCGTGAAGCACCAGA-1,0.026,False
GCCGTGATCCACATAG-1,0.036,False
GCCTGTTCAAACGGCA-1,0.02,False
GCGGAAAAGAAGCGAA-1,0.062,False
GCGGAAACAGGATCTT-1,0.024,False
GCGGAAAGTAACAAGT-1,0.015,False
GCGGATCAGGCTAGCA-1,0.062,False
GCGGATCGTCCAAGAG-1,0.113,False
GCGTGCAAGGGAGATA-1,0.062,False
GCGTGCATCAAGCTGT-1,0.036,False
GCGTTTCCATGTAACC-1,0.113,False
GCGTTTCTCGGCCTTT-1,0.036,False
GCTACAAGTCAATCTG-1,0.051,False
GCTACAATCTGGCCGA-1,0.056,False
GCTACCTAGTTGCATC-1,0.026,False
GCTCAAACAAGAGTTA-1,0.028,False
GCTGCAGCAGACCTGC-1,0.024,False
GCTGGGTGTCCAACGC-1,0.113,False
GCTGGGTTCCGTGGGT-1,0.033,False
GCTTCACAGATTCGCT-1,0.042,False
GCTTCACTCGAAGAAT-1,0.022,False
GCTTGGGTCCCTGTTG-1,0.046,False
GGAACCCTCTAGGCAT-1,0.056,False
GGAATGGCATCTTTCA-1,0.02,False
GGAGATGAGATACTGA-1,0.042,False
GGATCTAAGCCTGAGA-1,0.022,False
GGATCTACAGCGCGTT-1,0.046,False
GGATGTTAGGCAGTCA-1,0.039,False
GGCACGTTCCCGTGTT-1,0.033,False
GGCACGTTCTCTCTTC-1,0.246,False
GGCAGTCAGCCAAGCA-1,0.056,False
GGCAGTCCACTAGAGG-1,0.028,False
GGCTGTGTCGTGGCTG-1,0.069,False
GGGACCTAGTAGTCTC-1,0.077,False
GGGACCTCAAGGCGTA-1,0.026,False
GGGACCTTCTAACGCA-1,0.051,False
GGGACCTTCTATTCGT-1,0.113,False
GGGACTCAGTGATTCC-1,0.246,False
GGGACTCTCGAAGCCC-1,0.051,False
GGGAGATCAGCAGAAC-1,0.133,False
GGGTAGATCGATACAC-1,0.087,False
GGGTCTGCAACAGTGG-1,0.028,False
GGGTCTGGTAATGTGA-1,0.046,False
GGGTCTGGTGGTCAAG-1,0.03,False
GGGTCTGGTGTCATGT-1,0.03,False
GGGTGTCGTGAGTTTC-1,0.016,False
GGGTTATCACTTGGCG-1,0.069,False
GGGTTATTCAACTGGT-1,0.036,False
GGGTTTACAGTATACC-1,0.077,False
GGGTTTACATGTACGT-1,0.028,False
GGGTTTAGTTCGGTTA-1,0.046,False
GGTAGAGAGGCGATAC-1,0.046,False
GGTCACGAGCGTATGG-1,0.051,False
GGTCACGCAGATACCT-1,0.056,False
GGTCTGGGTAGCTGTT-1,0.03,False
GGTGTTAGTGTGATGG-1,0.014,False
GGTTAACCAAATCAGA-1,0.077,False
GGTTCTCGTAGCGTCC-1,0.017,False
GTAACACAGCGAGTCA-1,0.056,False
GTAACCAAGTCACTAC-1,0.036,False
GTAAGTCCAACCGATT-1,0.02,False
GTAAGTCTCGTCTACC-1,0.033,False
GTAATCGAGGTCACAG-1,0.036,False
GTAATCGCATATACCG-1,0.026,False
GTAATCGGTGCAGTGA-1,0.113,False
GTAATGCCAATACAGA-1,0.017,False
GTAATGCTCCTCTAAT-1,0.062,False
GTACAACGTGCTCTCT-1,0.036,False
GTAGAAAGTTTCGACA-1,0.087,False
GTAGAGGTCGTTCATT-1,0.016,False
GTAGATCCAGAGCGTA-1,0.051,False
GTAGGAGAGGCTTCCG-1,0.012,False
GTAGGAGGTGATTCAC-1,0.069,False
GTAGGTTTCGATCCAA-1,0.036,False
GTAGTACAGTGGTTGG-1,0.033,False
GTATTTCAGCTTGTGT-1,0.036,False
GTATTTCTCACAAGAA-1,0.022,False
GTCAAACTCTAACGCA-1,0.036,False
GTCACTCTCGCTCCTA-1,0.051,False
GTCAGCGGTTGGGTAG-1,0.046,False
GTCATCCTCCGGTAAT-1,0.024,False
GTCATTTGTAAGCAAT-1,0.026,False
GTCATTTTCGCACGAC-1,0.158,False
GTCCACTCACTTCATT-1,0.024,False
GTCCACTCAGCAAGAC-1,0.099,False
GTCGAATAGGGCTAAC-1,0.036,False
GTCGAATCAACCGACC-1,0.099,False
GTCGAATGTTACCTGA-1,0.026,False
GTCGCGACAGACCATT-1,0.026,False
GTCGCGATCATTGTGG-1,0.042,False
GTCGCGATCCCTCTCC-1,0.113,False
GTCGTAAAGCAGGGAG-1,0.015,False
GTCGTAAGTTCAACGT-1,0.017,False
GTCGTAATCGGAGTGA-1,0.036,False
GTCGTTCAGCATATGA-1,0.046,False
GTCTACCGTCTTACTT-1,0.014,False
GTCTACCTCAGTCATG-1,0.03,False
GTCTAGACATTCGATG-1,0.036,False
GTCTAGAGTTACCCAA-1,0.193,False
GTCTCACGTTAATGAG-1,0.022,False
GTCTGTCAGGTACAAT-1,0.039,False
GTCTTTATCGTAGAGG-1,0.017,False
GTGACGCGTCATAGTC-1,0.051,False
GTGAGCCGTACAGAAT-1,0.024,False
GTGAGCCGTGACAGGT-1,0.02,False
GTGAGGAAGACCATAA-1,0.026,False
GTGAGTTAGCTTTCTT-1,0.028,False
GTGAGTTGTATCACCA-1,0.026,False
GTGAGTTGTCACCACG-1,0.028,False
GTGCACGCATACCGTA-1,0.022,False
GTGCACGTCCATGATG-1,0.022,False
GTGCGTGGTCATCAGT-1,0.033,False
GTGGAGACAGCAGTAG-1,0.062,False
GTGGAGATCTGTCCGT-1,0.051,False
GTGGGAATCTAGCATG-1,0.113,False
GTGGTTAAGACAACTA-1,0.056,False
GTGGTTAAGTTTCGGT-1,0.03,False
GTGTGATCAAGGAGTC-1,0.046,False
GTGTGGCGTATCGCTA-1,0.033,False
GTGTTAGTCTACACTT-1,0.039,False
GTGTTCCCAGCTGTTA-1,0.046,False
GTTACAGCACTTTAGG-1,0.017,False
GTTACAGGTACTTCCC-1,0.033,False
GTTACCCCAGTTCACA-1,0.033,False
GTTACCCGTACAAAGT-1,0.077,False
GTTACGATCGAGTTGT-1,0.046,False
GTTAGACTCGTGTGGC-1,0.099,False
GTTATGGGTCGAACGA-1,0.039,False
GTTCATTTCCATTGTT-1,0.022,False
GTTCCGTGTTACGATC-1,0.158,False
GTTCGCTGTACCCACG-1,0.042,False
GTTCGCTTCACTACTT-1,0.026,False
GTTGAACAGTGAGGTC-1,0.051,False
GTTGAACGTGGATACG-1,0.077,False
GTTGCGGCAACCGTGC-1,0.056,False
GTTGCTCGTGGACCTC-1,0.028,False
GTTGTCCCACGCTTAA-1,0.113,False
GTTGTGAAGACCGCCT-1,0.046,False
GTTGTGAAGTTCATGC-1,0.022,False
GTTGTGAGTAGCACGA-1,0.042,False
GTTGTGATCCGCACTT-1,0.042,False
GTTTACTGTATGCTTG-1,0.036,False
GTTTGGACATAACAGA-1,0.046,False
GTTTGGAGTCGAACAG-1,0.158,False
GTTTGGATCCGAAATC-1,0.056,False
TAACACGAGTTCCGTA-1,0.113,False
TAACACGTCTTTGATC-1,0.099,False
TAACCAGTCGTAGCTA-1,0.033,False
TAACGACCACTCCCTA-1,0.113,False
TAACTTCCACATCCCT-1,0.062,False
TAAGCACCACTTACAG-1,0.069,False
TAAGCACTCATCACTT-1,0.033,False
TAAGCGTTCATGTCTT-1,0.158,False
TAAGTCGTCACGTCCT-1,0.046,False
TAATTCCGTCACTAGT-1,0.087,False
TAATTCCTCGTCGCTT-1,0.056,False
TACAACGTCCCTGGTT-1,0.033,False
TACACCCAGACCAAGC-1,0.02,False
TACACCCCAAATCGGG-1,0.062,False
TACACCCTCCGTAGGC-1,0.087,False
TACAGGTTCATGCCAA-1,0.033,False
TACCCACAGAGTGACC-1,0.039,False
TACCCACGTACCGCGT-1,0.062,False
TACCCACGTCTTGAGT-1,0.046,False
TACCCACGTCTTTCAT-1,0.03,False
TACCCACTCGGTCATA-1,0.017,False
TACCGAAAGGGCATGT-1,0.051,False
TACCGAAGTTGCGGCT-1,0.087,False
TACCGGGGTCAGGTGA-1,0.039,False
TACCTCGAGGTCCCGT-1,0.046,False
TACCTCGGTGAATGAT-1,0.026,False
TACCTGCTCTCGACCT-1,0.026,False
TACGCTCTCCAAGGGA-1,0.056,False
TACGGGCGTGTCTCCT-1,0.046,False
TACGGGCTCCTTCACG-1,0.062,False
TACGTCCAGAGGCCAT-1,0.077,False
TACTGCCGTACCGGAA-1,0.03,False
TACTGCCTCATCGGGC-1,0.051,False
TACTTCACATGACTGT-1,0.087,False
TACTTCAGTCACGCTG-1,0.026,False
TACTTGTGTGCATGAG-1,0.099,False
TACTTGTTCACACCCT-1,0.024,False
TACTTGTTCCTACTGC-1,0.039,False
TACTTGTTCTGCTCTG-1,0.069,False
TAGAGTCAGGTCATCT-1,0.046,False
TAGATCGAGCTTCATG-1,0.051,False
TAGATCGAGTAGCATA-1,0.026,False
TAGCACAGTGAACGGT-1,0.022,False
TAGGTACGTCGTCGGT-1,0.042,False
TAGGTACGTTCGGGTC-1,0.015,False
TATACCTAGTAGTCCT-1,0.042,False
TATATCCGTAGCTGCC-1,0.046,False
TATCAGGAGGGACACT-1,0.069,False
TATCAGGGTGGGAGAG-1,0.012,False
TATCAGGTCAATCAGC-1,0.046,False
TATCAGGTCCGATCGG-1,0.333,True
TATCTGTAGTTCTCTT-1,0.017,False
TATCTGTCAGGGACTA-1,0.051,False
TATGTTCAGAAGTGTT-1,0.113,False
TATGTTCGTAACAGTA-1,0.158,False
TATTGCTTCGTAGTGT-1,0.016,False
TATTGGGCATAGCACT-1,0.016,False
TATTTCGAGCCTTTCC-1,0.051,False
TATTTCGCATACAGAA-1,0.056,False
TCAAGCATCACGGAGA-1,0.056,False
TCAAGCATCTGTAAGC-1,0.036,False
TCAATCTCAGCTGGTC-1,0.042,False
TCACAAGGTAACGATA-1,0.069,False
TCACAAGGTAAGATTG-1,0.246,False
TCACAAGTCATGACAC-1,0.042,False
TCACATTGTGTTCATG-1,0.042,False
TCACGCTGTCTTCATT-1,0.046,False
TCACGGGTCCAAAGGG-1,0.016,False
TCAGCCTCACCTATCC-1,0.087,False
TCAGGGCCACACGGAA-1,0.042,False
TCAGGGCTCCTTGAAG-1,0.033,False
TCAGGTACAGAGTCAG-1,0.039,False
TCAGTCCCATGCCGAC-1,0.505,True
TCAGTCCGTACTCCCT-1,0.016,False
TCAGTGATCCTGCCAT-1,0.051,False
TCAGTTTAGGGAGATA-1,0.062,False
TCAGTTTCAGGCAATG-1,0.046,False
TCAGTTTTCAGCATTG-1,0.051,False
TCATATCAGGCTAAAT-1,0.077,False
TCATATCCAACCAATC-1,0.062,False
TCATATCGTAGACGGT-1,0.062,False
TCATCATTCAATGCAC-1,0.046,False
TCATCCGGTTCCTAGA-1,0.042,False
TCATGCCTCTAGCAAC-1,0.03,False
TCATGTTTCAATGTCG-1,0.03,False
TCATTGTGTAGCGCCT-1,0.033,False
TCATTTGAGACTCGAG-1,0.087,False
TCCACCATCCACTTTA-1,0.077,False
TCCATCGAGAGGACTC-1,0.033,False
TCCATCGAGATCCCAT-1,0.087,False
TCCATCGGTTTAGACC-1,0.056,False
TCCATGCGTATGCTTG-1,0.051,False
TCCCACAAGGAGTATT-1,0.033,False
TCCCACAAGGGAGGAC-1,0.028,False
TCCCACAGTCACTTAG-1,0.056,False
TCCCAGTGTTGGCTAT-1,0.026,False
TCCCAGTTCTGGTGGC-1,0.077,False
TCCCATGCAAACACCT-1,0.051,False
TCCGATCCAAGATTGA-1,0.026,False
TCCGGGAGTAGATTAG-1,0.042,False
TCCGGGATCTTTGCAT-1,0.051,False
TCCGTGTCACATGGTT-1,0.042,False
TCCGTGTCATTGACAC-1,0.505,True
TCCTAATGTTCGATTG-1,0.056,False
TCCTAATTCTCTGCTG-1,0.069,False
TCCTCGAAGTATTAGG-1,0.333,True
TCCTCGACACTCGATA-1,0.087,False
TCCTCGAGTGGGAGAG-1,0.033,False
TCCTGCAGTGATGGCA-1,0.016,False
TCCTTCTCAACATCGT-1,0.069,False
TCCTTCTGTACTTCCC-1,0.013,False
TCCTTCTTCATGAGAA-1,0.042,False
TCGAAGTAGAGCTGAC-1,0.246,False
TCGACGGCAGAAATCA-1,0.036,False
TCGACGGGTCATCTAG-1,0.024,False
TCGACGGGTCTAGATC-1,0.056,False
TCGACGGGTGTTAAAG-1,0.02,False
TCGCAGGGTGTCATCA-1,0.039,False
TCGCAGGGTTGGCCGT-1,0.036,False
TCGCTCATCCGCGATG-1,0.039,False
TCGGGCATCAAAGGTA-1,0.036,False
TCGTAGATCTCCGAGG-1,0.03,False
TCGTGCTCAACATACC-1,0.062,False
TCGTGCTCAACCCGCA-1,0.113,False
TCGTGGGAGCTACAAA-1,0.042,False
TCTAACTGTACCTAGT-1,0.051,False
TCTACATAGTGTTCCA-1,0.069,False
TCTACATCATGATGCT-1,0.056,False
TCTACCGGTTGTTGCA-1,0.028,False
TCTATACAGGAACTCG-1,0.022,False
TCTCAGCCAGACAAAT-1,0.046,False
TCTCTGGAGGTATAGT-1,0.024,False
TCTCTGGCAATTCTTC-1,0.042,False
TCTGCCAAGTATTCCG-1,0.036,False
TCTGCCAAGTTAGTAG-1,0.069,False
TCTTGCGGTCGCAACC-1,0.03,False
TCTTTGAGTGGTACAG-1,0.016,False
TCTTTGATCATCGCAA-1,0.062,False
TGAACGTAGATGGCGT-1,0.333,True
TGAATCGGTTGCCGCA-1,0.03,False
TGAATGCCAACAACAA-1,0.033,False
TGACAGTGTAAGATTG-1,0.056,False
TGACCCTGTAACAGGC-1,0.028,False
TGACCCTGTGGAACCA-1,0.042,False
TGACTCCCATATCTGG-1,0.014,False
TGACTCCTCCATTCGC-1,0.042,False
TGACTCCTCTCGACCT-1,0.062,False
TGAGGAGGTCAGGCAA-1,0.033,False
TGAGGAGGTCAGGTGA-1,0.024,False
TGAGTCAAGACATATG-1,0.016,False
TGAGTCAGTGGACAGT-1,0.113,False
TGAGTCATCGACCTAA-1,0.024,False
TGATGCAAGCCAAGCA-1,0.039,False
TGATTCTCATGAGATA-1,0.03,False
TGATTCTGTCAAGCGA-1,0.062,False
TGCACGGAGCGTTCAT-1,0.014,False
TGCAGATAGTAGAATC-1,0.062,False
TGCAGATGTTACAGCT-1,0.069,False
TGCAGTAAGCGATGCA-1,0.039,False
TGCAGTATCTCCGAAA-1,0.087,False
TGCATGAAGACCTCAT-1,0.042,False
TGCATGACAGTAGAAT-1,0.039,False
TGCCGAGGTAGGCTGA-1,0.036,False
TGCGACGAGCGTCAAG-1,0.036,False
TGCGACGGTCTGGTTA-1,0.039,False
TGCGACGGTTATGTCG-1,0.077,False
TGCGACGGTTTCGTAG-1,0.033,False
TGCGACGTCAGGCGAA-1,0.039,False
TGCTCGTCAGTCCGTG-1,0.069,False
TGCTCGTCATTCACCC-1,0.099,False
TGCTTCGTCTGTGCTC-1,0.062,False
TGCTTGCAGCAGGCTA-1,0.033,False
TGCTTGCGTTTGTTCT-1,0.03,False
TGGATCAAGTCCCAGC-1,0.015,False
TGGATGTAGACCTCAT-1,0.056,False
TGGATGTAGCAGCACA-1,0.019,False
TGGCGTGAGTTGTCAC-1,0.051,False
TGGCGTGCAACCTATG-1,0.077,False
TGGGAAGCAATTTCGG-1,0.02,False
TGGGAGACAGTAACAA-1,0.099,False
TGGGCGTCATGAAGGC-1,0.015,False
TGGGTTAGTAGCTGTT-1,0.042,False
TGGTAGTCACCAAAGG-1,0.026,False
TGGTAGTCATCTGGGC-1,0.01,False
TGGTGATAGCTAGTTC-1,0.051,False
TGGTTAGCACAACGTT-1,0.015,False
TGTAACGGTCTAGGTT-1,0.02,False
TGTAAGCAGCAACCAG-1,0.046,False
TGTAAGCAGGGACACT-1,0.046,False
TGTAGACAGCTCTGTA-1,0.036,False
TGTCAGATCATTGTTC-1,0.036,False
TGTGAGTAGGCTCTCG-1,0.099,False
TGTGAGTGTGTCTCCT-1,0.087,False
TGTGATGGTTCTCCTG-1,0.099,False
TGTGTGAAGGGACCAT-1,0.113,False
TGTGTGAAGTGGCAGT-1,0.02,False
TGTTACTCAAGCAGGT-1,0.03,False
TGTTCATTCATCCTGC-1,0.056,False
TGTTCTACAGCACACC-1,0.033,False
TGTTGAGCAAACGGCA-1,0.033,False
TGTTTGTTCATAGGCT-1,0.03,False
TTACCATTCAATGCAC-1,0.056,False
TTACGCCAGTCAGCCC-1,0.013,False
TTACGCCGTAAGGCTG-1,0.062,False
TTACTGTAGAGTTGAT-1,0.077,False
TTACTGTAGATCGGTG-1,0.03,False
TTACTGTCAAAGCTAA-1,0.069,False
TTACTGTGTTGTACGT-1,0.019,False
TTACTGTTCATCGACA-1,0.042,False
TTAGGCACACGCAGTC-1,0.056,False
TTAGGCAGTGTCCTAA-1,0.014,False
TTAGTCTCACATTACG-1,0.042,False
TTATTGCAGGGCAAGG-1,0.033,False
TTCAATCAGTGACCTT-1,0.133,False
TTCAATCCACTTGAAC-1,0.022,False
TTCAATCGTTCAACGT-1,0.077,False
TTCAATCGTTGGACTT-1,0.03,False
TTCACCGCAGAGTTGG-1,0.039,False
TTCACGCGTACGACAG-1,0.069,False
TTCAGGATCGTTACCC-1,0.133,False
TTCATGTCAACTTGGT-1,0.099,False
TTCATGTTCATGCCCT-1,0.069,False
TTCATTGTCACATCAG-1,0.087,False
TTCCAATCATGACGTT-1,0.069,False
TTCCAATTCCTCAGAA-1,0.028,False
TTCCACGCAGACCAGA-1,0.133,False
TTCCACGCAGTTGCGC-1,0.017,False
TTCCACGTCCTAAGTG-1,0.042,False
TTCCGGTAGAAGTCTA-1,0.051,False
TTCCTAAGTTAAGCAA-1,0.069,False
TTCCTTCCAATCTCTT-1,0.077,False
TTCCTTCTCGAAATCC-1,0.133,False
TTCCTTCTCTATCCAT-1,0.036,False
TTCGATTAGGACGGAG-1,0.046,False
TTCGATTGTTGAGTCT-1,0.033,False
TTCGCTGCATGGGAAC-1,0.036,False
TTCGCTGTCCACGTAA-1,0.042,False
TTCGGTCAGCCTCACG-1,0.02,False
TTCTAGTTCTGAGGCC-1,0.056,False
TTCTGTAAGAATCCCT-1,0.062,False
TTCTGTAGTACAAGCG-1,0.087,False
TTCTTCCGTCCTCCTA-1,0.062,False
TTCTTGAAGCGAGAAA-1,0.036,False
TTGAACGGTTGGACTT-1,0.099,False
TTGAACGTCCGCCTAT-1,0.056,False
TTGACCCCACAGAGCA-1,0.02,False
TTGACCCGTCCGGATC-1,0.03,False
TTGCATTCATATCTCT-1,0.069,False
TTGCCTGAGTCATGGG-1,0.113,False
TTGCGTCTCCCTGTTG-1,0.017,False
TTGCGTCTCTTGATTC-1,0.039,False
TTGCTGCAGACAGCGT-1,0.069,False
TTGCTGCGTGTACATC-1,0.042,False
TTGGGTAGTCTGTGAT-1,0.036,False
TTGGGTATCAGCATTG-1,0.099,False
TTGTGGACATTAAAGG-1,0.039,False
TTGTTCACATATGGCT-1,0.026,False
TTGTTTGAGACGACGT-1,0.333,True
TTGTTTGAGAGAGTTT-1,0.042,False
TTGTTTGCACCGGTCA-1,0.028,False
TTTACCATCGTTAGTG-1,0.017,False
TTTACCATCGTTCTGC-1,0.046,False
TTTACGTAGCTGAAGC-1,0.042,False
TTTCAGTGTACTGTTG-1,0.017,False
TTTCCTCCAAACCGGA-1,0.051,False
TTTCGATTCTACCACC-1,0.062,False
TTTGATCCACGGATCC-1,0.036,False
TTTGATCGTTTACTTC-1,0.033,False
TTTGGAGAGCCTCAGC-1,0.042,False
TTTGGAGAGTCAATCC-1,0.087,False
TTTGGTTTCCTCAGAA-1,0.046,False
TTTGTTGGTACATACC-1,0.036,False
